"36";"36";"sites/default/files/pictures/no-img-de_90x90.gif";"Werkstatt für Gewaltfreie Aktion, Baden";"2009";"978-3-930010-10-3";"12,00";"232"
"37";"37";"sites/default/files/pictures/Trainingsbuch_Gewaltfreie_Kommunikation.jpg";"Junfermannsche Verlagsbuchhandlung";"2003";"978-3-87387-538-1";"19.50";"232"
"38";"38";;"Gandhi Informations Zentrum";"1997";"978-3-930093-10-3";"7.80";"134"
"46";"46";;"Freunde der Arche";;"0000000000";"5.00";"125"
"47";"47";;"Waldkircher Verlagsges.";"1981";"978-3-87885-053-0";"4.50";"192"
"48";"48";;"Waldkircher Verlagsges.";"1981";"978-3-87885-054-9";"4.50";"200"
"49";"49";;"Aufbau TV 8123";"2004";"978-3-7466-8123-5";"8.95";"159"
"50";"50";"sites/default/files/pictures/978-3-87348-103-0.jpg";"Hinder und Deelmann";"1979";"978-3-87348-103-9";"9.20";"114"
"51";"51";"sites/default/files/pictures/978-3-87348-088-3.jpg";"Hinder + Deelmann";"1974";"978-3-87348-088-9";"14.40";"271"
"52";"52";"sites/default/files/pictures/978-3-87348-097-2.jpg";"Hinder +Deelmann";"1976";"978-3-87348-097-1";"9.20";"174"
"53";"53";;"Herder";"1998";"978-3-451-04676-8";"9.00";"157"
"54";"54";"sites/default/files/pictures/978-3-87996-535-8.jpg";"Neue Stadt";"2001";"978-3-87996-535-8";"14.90";"173"
"55";"55";"sites/default/files/pictures/978-3-451-05427-2.jpg";"Herder";"2002";"978-3-451-05427-3";"8.90";"190"
"595";"595";"sites/default/files/pictures/";"Weber & Zucht";"2010";"978-3-388713-058-9";"16,50";"221"
"57";"57";;"agenda";"1997";"978-3-89688-004-7";"20.35";"332"
"58";"58";;"Internationaler Versöhnungsbund";"1995";"978-3-9804408-0-X";"5.00";"104"
"59";"59";;"LIT";"1995";"978-3-8258-2675-9";"19.90";"529"
"60";"60";;"Grünewald";"1994";"978-3-7867-1783-4";"24.50";"320"
"62";"62";"sites/default/files/pictures/978-3-491-45025-X.jpg";"Patmos";"2003";"978-3-491-45025-7";"12.90";"140"
"63";"63";;"Donat";"1988";"978-3-924444-40-4";"6.40";"119"
"64";"64";;;"1999";"3-930010-06-2";"8.00";"142"
"65";"65";;"Werkstatt für Gewaltfreie Aktion,  Baden";"1996";"978-3-930010-05-4";"6.50";"97"
"66";"66";"sites/default/files/pictures/978-3-7975-0059-9.jpg";"Neukirchener";"2003";"978-3-7975-0059-5";"7,95";"192"
"67";"67";;"Werkstatt für Gewaltfreie Aktion Baden";"2009";"978-3-930010-10-3";"12,00";"233"
"68";"68";;"Internationaler Versöhnungsbund, Pax Christi u.a.";"1994";"ISSN 0022-6319 T 4002 E";"2.60";"66"
"69";"69";;"Waldkircher";"1983";"978-3-87885-047-6";"5.00";"80"
"70";"70";"sites/default/files/pictures/978-3-406-49448-X.jpg";"C.H. Beck";;"978-3-406-49448-2";"9.90";"167"
"71";"71";"sites/default/files/pictures/978-3-406-06041-2.jpg";"Beck";"1984";"978-3-406-06041-0";"5.00";"99"
"74";"74";;"Swiridoff";"2000";"978-3-934350-28-3";"34.80";"98"
"75";"75";"sites/default/files/pictures/978-3-933325-10-2.jpg";"Meinhardt";"1999";"978-3-933325-10-5";"10.20";"134"
"77";"77";;"Agape";"1981";"978-3-88744-000-5";"10.00";"234"
"78";"78";"sites/default/files/pictures/978-3-374-01812-2.jpg";"Evangelische Verlagsanstalt";"2000";"978-3-374-01812-2";"14.80";"477"
"79";"79";;"LIT";"1995";"978-3-8258-2547-7";"10.90";"147"
"80";"80";;"Werkstatt düe Gewaltfreie Aktion. Baden";"1993";"978-3-930010-03-8";"5.00";"79"
"82";"82";;"Stiftung Mitarbeit";;"3-928053-50-7";"6.00";"98"
"83";"83";;"AG SPAK";"2004";"3-930830-51-5";"26.00";"428"
"84";"84";"sites/default/files/pictures/978-3-928053-42-6.jpg";"AG-SPAK";"2006";"978-3-923126-94-1";"18.00";"210"
"491";"491";;"Unrast";"2006";"978-3-89771-452-6";"19,00";"314"
"86";"86";;"Gewaltfrei Leben Lernen";"2004";"978-3-930010-07-0";"12.00";"218"
"286";"286";;"Agape";"1985";"978-3-88744-004-6";"6.50";"100"
"285";"285";"sites/default/files/pictures/978-3-596-11802-6.jpg";"Fischer";"1993";"978-3-596-11802-1";"7.95";"254"
"89";"89";"sites/default/files/pictures/978-3-932082-11-7.jpg";"Bildungsvereinigung ARBEIT u. LEBEN";"2004";"978-3-932082-11-7";"10.00";"240"
"90";"90";;"Mayer, Johannes";"2006";"978-3-932386-91-4";"19.80";"280"
"91";"91";"sites/default/files/pictures/978-3-87387-542-X.jpg";"Junfermann";"2003";"978-3-87387-542-5";"18.00";"173"
"92";"92";"sites/default/files/pictures/978-3-497-01648-9.jpg";"Reinhardt, Ernst";"2003";"978-3-497-01648-8";"14.90";"204"
"93";"93";;"Dialog International";"1993";;"4.10";"48"
"94";"94";"sites/default/files/pictures/978-3-932444-13-2.jpg";"Institut für Friedenspädagogik Tübingen";"2004";"978-3-932444-13-5";"22.00";"448"
"95";"95";;"agenda";"2000";"978-3-89688-004-7";"15.50";"379"
"96";"96";;"Unrast";"2003";"978-3-89771-203-2";"14.00";"159"
"97";"97";;"Trotzdem";"1991";"978-3-922209-34-3";"8.00";"80"
"598";"598";;"Der Apfel  ";"2006";" 978-3-85450-143-5";"26,80";"207"
"100";"100";;"Hinder + deelmann";"1981";"978-3-87348-108-978-1";"14.40";"144"
"101";"101";"sites/default/files/pictures/978-3-85787-687-5.jpg";"Lenos, LP 87";"2002";"978-3-85787-687-3";"9.95";"279"
"102";"102";"sites/default/files/pictures/978-3-85787-326-4.jpg";"Lenos, LP 88";"2002";"978-3-85787-688-2";"9,95";"270"
"103";"103";;"Trotzdem";"1998";"978-3-931786-05-6";"14.00";"185"
"104";"104";;"Edition Hentrich";"2002";"978-3-933471-26-5";"20.00";"220"
"105";"105";"sites/default/files/pictures/978-3-89771-200-8.jpg";"Unrast";"2000";"978-3-89771-200-3";"13.00";"196"
"587";"587";"sites/zuendbuch.de/files/pictures/";"Nautilus";"2009";"978-3-89401-594-7";"16,90";"220"
"108";"108";"sites/default/files/pictures/978-3-85869-050-3.jpg";"Rotpunkt";"1996";"978-3-85869-050-0";"17.00";"319"
"109";"109";"sites/default/files/pictures/978-3-85869-122-4.jpg";"Rotpunkt";"1995";"978-3-85869-122-4";"19.00";"426"
"490";"490";;"LIT";"2008";"978-3-8258-1219-5";"19,90";"192"
"111";"111";;"Psychosozial";"2004";"978-3-89806-931-1";"22.90";"253"
"488";"488";;"Trotzdem";"2005";"978-3-931786-40-3";"12,00";"160"
"113";"113";;"Edition Die Schnecke";"1993";"978-3-929589-00-1";"29.00";"544"
"115";"115";;"Karin Kramer";;"978-3-87956-095-1";"15.50";"406"
"116";"116";;"Karin Kramer";"1980";"978-3-87956-111-7";"15.50";"371"
"117";"117";;"Karin Kramer";;;"46.50";
"118";"118";;"Jeetzel";"1995";"978-3-928117-05-X";"10.00";"146"
"119";"119";"sites/default/files/pictures/978-3-89965-029-8.jpg";"VSA";"2003";"978-3-89965-029-7";"14.80";"206"
"120";"120";"sites/default/files/pictures/978-3-608-93433-2.jpg";"Klett-Cotta";"1998";"978-3-608-93433-5";"19.00";"251"
"121";"121";"sites/default/files/pictures/978-3-86153-159-3.jpg";"Links, Ch";"1998";"978-3-86153-159-3";"5.00";"283"
"122";"122";"sites/default/files/pictures/978-3-7296-0313-2.jpg";"Zytglogge";"1989";"978-3-7296-0313-4";"17.50";"352"
"123";"123";"sites/default/files/pictures/978-3-86099-234-1.jpg";"Brandes & Apsel";"2003";"978-3-86099-234-0";"19.00";"215"
"124";"124";;"Kunstmann";"2005";"978-3-88897-390-2";"19.90";"315"
"125";"125";"sites/default/files/pictures/978-3-89533-122-8.jpg";"Die Werkstatt";"1995";"978-3-89533-122-0";"15.20";"240"
"126";"126";;"AG SPAK";"1992";"978-3-923126-74-3";"10.00";"192"
"127";"127";;"Unrast";"2002";"978-3-89771-416-7";"14.00";"156"
"128";"128";"sites/default/files/pictures/978-3-89533-186-4.jpg";"Die Werkstastt";"1997";"978-3-89533-186-2";"10.20";"285"
"416";"416";;"Meinhardt";"1998";"978-3-933325-05-1";"10.12";"172"
"417";"417";;"Trotzdem";;"978-3-922209-37-9";"10.00";"132"
"363";"363";"sites/default/files/pictures/978-3-89771-904-0.jpg";"Unrast";"2001";;"16.00";"396"
"131";"131";"sites/default/files/pictures/978-3-89566-153-8.jpg";"pala";"2001";"978-3-89566-153-8";"12.80";"160"
"132";"132";"sites/default/files/pictures/978-3-89566-163-5.jpg";"pala";"2001";"978-3-89566-163-5";"11.80";"141"
"133";"133";"sites/default/files/pictures/978-3-89566-200-3.jpg";"pala";"2004";"978-3-89566-200-3";"9.90";"160"
"134";"134";;"Gandhi-Informations-Zentrum";"1996";"978-3-930093-08-1";"7.80";"96"
"135";"135";;"Packpapier";;;"1.60";"30"
"137";"137";;"Packpapier";"1981";;"7.20";"208"
"138";"138";;"Packpapier";;;"8.00";"272"
"188";"188";"sites/default/files/pictures/978-3-89566-165-1.jpg";"pala";"2004";"978-3-89566-165-1";"8.80";"160 Seiten"
"215";"215";"sites/default/files/pictures/978-3-88713-039-1.jpg";"Weber & Zucht";;"978-3-88713-039-8";"9.00";"142"
"141";"141";;"Karin Kramer";"1981";"978-3-87956-132-X";"10.50";"235"
"142";"142";;"Karin Kramer";"1984";"978-3-87956-164-8";"8.00";"111"
"143";"143";"sites/default/files/pictures/978-3-930378-50-7.jpg";"Palmyra";"2003";"978-3-930378-50-0";"17.90";"297"
"144";"144";;"Edition Blackbox";"2003";;"5.50";"38"
"145";"145";;"Edition Blackbox";"2003";;"4.50";"29"
"146";"146";;"Edition AV";"2000";"978-3-9806407-0";"8.40";"107"
"522";"522";"sites/default/files/pictures/978-3-87387-600-2.jpg";"Junfermann";"2005";"978-3-87387-600-2";"5,90";"48"
"148";"148";;"Edition AV";"2002";"978-3-936049-10-6";"9.80";"70"
"500";"500";;"Edition Ahrens";"1984";"3-88468-018-8";"3,00";"78"
"152";"152";;"Packpapier";;;"2.00";"25"
"153";"153";"sites/default/files/pictures/978-3-926529-62-8.jpg";"Atlantik";"1995";"978-3-926529-62-8";"13,00";"298"
"154";"154";"sites/default/files/pictures/978-3-932710-06-1.jpg";"Alibri";"1998";"978-3-932710-06-3";"10.00";"104"
"364";"364";;;;;"1.00";"20"
"156";"156";"sites/default/files/pictures/978-3-85869-127-5.jpg";"Rotpunkt";"1996";"978-3-85869-127-9";"5.00";"164"
"158";"158";"sites/default/files/pictures/978-3-932710-19-3.jpg";"Alibri";"1999";"978-3-932710-19-3";"17.50";"271"
"591";"591";;"Oppo";"2005";"978-3-926880-13-0";"24,90";"220"
"160";"160";;"Unrast";"1998";"978-3-928300-91-1";"13.00";"170"
"161";"161";;"Karin Kramer";" 1977";"978-3-89756-075-7";"13.00";"400"
"162";"162";"sites/default/files/pictures/978-3-928300-61-X.jpg";"Unrast";"1997";"978-3-928300-61-2";"13.00";"138"
"163";"163";"sites/default/files/pictures/978-3-930830-06-X.jpg";"AG SPAK";"1997";"978-3-930830-06-0";"24.50";"224"
"164";"164";;"Komitee für Grundrechte und Demokratie";"1994";"978-3-88906-055-2";"10.00";"263"
"166";"166";"sites/default/files/pictures/978-3-924444-01-3.jpg";"Donat";"1984";"978-3-924444-01-3";"7.80";"111"
"167";"167";;"Edition AV";"2004";"978-3-936049-30-0";"11.80";"128"
"169";"169";"sites/default/files/pictures/";"Diogenes";"1985";"978-3-257-01700-6";"19.90";"335"
"170";"170";;"Bibliothe Thélème";"1993";"978-3-927982-21-0";"17.00";"192"
"171";"171";;"ID-Verlag";"1994";"978-3-89408-034-5";"7.00";"119"
"172";"172";" ";;;" ";"3.00";"95"
"173";"173";"sites/default/files/pictures/978-3-88713-057-X.jpg";"Verlag Weber & Zucht";;"978-3-88713-057-2";"20,00";"302"
"174";"174";"sites/default/files/pictures/978-3-88713-033-2.jpg";"Verlag Weber & Zucht";"1988";"978-3-88713-033-6";"18.00";"304"
"175";"175";"sites/default/files/pictures/978-3-88713-003-0.jpg";"Verlag Weber & Zucht";;"978-3-88713-003-9";"9,00";"124"
"176";"176";"sites/default/files/pictures/978-3-88713-040-5.jpg";"Verlag Weber & Zucht";"1993";"978-3-88713-040-4";"20.00";"311"
"177";"177";"sites/default/files/pictures/978-3-88713-054-5.jpg";"Verlag Weber & Zucht";;"978-3-88713-054-1";"10.00";"160"
"178";"178";"sites/default/files/pictures/978-3-88713-041-1.jpg";"Verlag Weber & Zucht";;"978-3-88713-041-1";"10.00";"239"
"179";"179";"sites/default/files/pictures/978-3-88713-055-3.jpg";"Verlag Weber & Zucht";;"978-3-88713-055-8";"9.00";"112"
"180";"180";"sites/default/files/pictures/978-3-88713-046-4.jpg";"Verlag Weber & Zucht";"1996";"978-3-88713-046-6";"18.00";"176"
"181";"181";"sites/default/files/pictures/978-3-88713-053-7.jpg";"Verlag Weber & Zucht";;"978-3-88713-053-4";"6.00";"45"
"182";"182";"sites/default/files/pictures/978-3-88713-056-1.jpg";"Verlag Weber & Zucht";"2002";"978-3-88713-056-5";"16.00";"307"
"183";"183";"sites/default/files/pictures/978-3?88713?049?7.jpg";"Verlag Weber & Zucht";;"978-3‑88713‑049‑7";"5.00";"84"
"184";"184";"sites/default/files/pictures/978-3-9806353-7-6.jpg";"Graswurzelrevolution";"2005";"978-3-9806353-7-6";"17.80";"277"
"185";"185";"sites/default/files/pictures/978-3-9806353-4-1.jpg";"Graswurzelrevolution";"2002";"978-3-9806353-4-1";"5.90";"52"
"186";"186";"sites/default/files/pictures/978-3-9806353-0-9.jpg";"Graswurzelrevolution";"1998";"978-3-9806353-0-9";"20.50";"328"
"187";"187";"sites/default/files/pictures/978-3-9806353-3-3.jpg";"Grawurzelrevolution";"2001";"978-3-9806353-3-3";"20.50";"362"
"203";"203";"sites/default/files/pictures/978-3-88713-001-4.jpg";"Weber & Zucht";;"978-3-88713-001-5";"12.00";"275"
"190";"190";"sites/default/files/pictures/978-3-89566-137-6.jpg";"pala";"1998";"978-3-89566-137-2";"14,00";"187"
"191";"191";"sites/default/files/pictures/0-85283-263-X.jpg";"Housmans";"Housmans";"0-85283-263-X";"12.00";
"495";"495";;"Büchse der Pandora";"1977";"978-3-88178-043-8";"7,16";"142"
"194";"194";"sites/default/files/pictures/978-3-525-01365-6.jpg";"Vandenhoeck & Ruprecht";"1998";"978-3-525-01365-6";"26.90";"322"
"197";"197";"sites/default/files/pictures/978-3-88713-035-9.jpg";"Weber & Zucht";"1989";"978-3-88713-035-9";"6.00";"77"
"198";"198";"sites/default/files/pictures/978-3-88713-036-7.jpg";"Weber & Zucht";;"978-3-88713-036-7";"6.00";"61"
"199";"199";"sites/default/files/pictures/978-3-88713-025-1.jpg";"Weber & Zucht";;"978-3-88713-025-1";"5.00";"78"
"200";"200";;"Weber & Zucht";;"978-3-88713-043-X";"7.00";"62"
"373";"373";"sites/default/files/pictures/978-3-518-36895-4.jpg";" Suhrkamp";"1972";"978-3-518-36895-4";"9.50";"303"
"202";"202";"sites/default/files/pictures/978-3-88713-012-X.jpg";"Weber & Zucht";"1986";"978-3-88713-012-1";"12.00";"253"
"206";"206";"sites/default/files/pictures/978-3-88713-034-0.jpg";"Weber & Zucht";;"978-3-88713-034-3";"5.00";"77"
"208";"208";"sites/default/files/pictures/978-3-88713-032-4.jpg";;;"978-3-88713-032-9";"8.00";"160"
"209";"209";;"Weber & Zucht";;"978-3-88713-016-2";"7.00";
"210";"210";"sites/default/files/pictures/978-3-88713-004-9.jpg";"Weber & Zucht";;"978-3-88713-004-6";"4.00";"54"
"211";"211";"sites/default/files/pictures/978-3-88713-005-7.jpg";"Weber & Zucht";;"978-3-88713-005-3";"4.00";"45"
"212";"212";"sites/default/files/pictures/978-3-88713-027-8.jpg";"Weber & Zucht";;"978-3-88713-027-5";"5.00";"71"
"213";"213";"sites/default/files/pictures/978-3-88713-029-9.jpg";"Weber & Zucht";;"978-3-88713-029-9";"10.00";"192"
"217";"217";;"Weber & Zucht";;"978-3-88713-022-7";"4.00";"65"
"219";"219";;;;"978-3-88713-024-3";"6.00";"101"
"220";"220";;"Weber & Zucht";;"978-3-88713-042-1";"4.00";"47"
"221";"221";"sites/default/files/pictures/978-3-88713-030-5.jpg";"Weber & Zucht";"1981";"978-3-88713-030-5";"10.00";"135"
"222";"222";;"Weber & Zucht";"1981";"978-3-88713-017-0";"6.00";"74"
"223";"223";;"Weber & Zucht";"1979";"978-3-88713-018-9";"7.00";"113"
"224";"224";;"Weber & Zucht";"1979";"978-3-88713-021-9";"7.00";"141"
"225";"225";;"Weber & Zucht";"1981";"978-3-88713-020-0";"6.00";"118"
"228";"228";"sites/default/files/pictures/978-3-88713-045-9.jpg";"Weber & Zucht";;"978-3-88713-045-9";"10.00";"128"
"229";"229";"sites/default/files/pictures/81-7201-106-7.jpg";"Sahitya Akademi, Weber & Zucht";;"81-7201-106-7";"5.00";"65"
"369";"369";"sites/default/files/pictures/978-3-931836-23-8.jpg";" Lukas";"2001";"978-3-931836-23-8";"25.00";"317"
"372";"372";;"Klemm & Oelschläger";"2002";"978-3-932577-37-X";"20.00";"439"
"230";"230";;"Donat";"1991";" 978-3-924444-51-8";"24.80";"602 Seiten"
"231";"231";;"Donat";"1995";"978-3-924444-02-0";"20.00";"264 Seiten"
"232";"232";;"BIS-Vlg";"1994";"978-3-8142-0477-2";"15.30";"568 Seiten"
"233";"233";;"Archiv Aktiv";"1997";"978-3-9805270-0-X";"5.20";"83 Seiten"
"234";"234";;"Volker Nick, Volker Scheub, Christoph Then";"1993";"978-3-930274-00-0";"15.40";"227"
"235";"235";;"Donat";"1992";"978-3-92444-59-5";"12.80";"219"
"236";"236";;"Donat";"1992";"978-3-924444-49-5";"15.40";"265"
"237";"237";"sites/default/files/pictures/978-3-931737-85-6.jpg";"Donat";"1999";"978-3-931737-85-6";"15.40";
"238";"238";"sites/default/files/pictures/978-3-412-17204-6.jpg";"Böhlau";"2005";"978-3-412-17204-6";"34.90";"390"
"239";"239";;" KRAUSSREINHARDT";"2004";"978-3-9810040-0-7";"19.90";"240"
"240";"240";;"Hackbarth";"1991";;"5.00";"34"
"241";"241";"sites/default/files/pictures/978-3-492-20001-1.jpg";"Piper";;"978-3-492-20001-1";"8.00";"144"
"242";"242";;"Institut für Friedensarbeit";;"978-3-932444-00-0";"1.30";"15"
"243";"243";;"Bund für Soziale Verteidigung";"1994";"978-3-9803893-0-3";"5.00";"1994"
"494";"494";;"Trotzdem";"1996";"978-3-922209-67-6";"19,00";"336"
"245";"245";"sites/default/files/pictures/978-3-87387-535-7.jpg";"Junfermann";"2003";"978-3-87387-535-7";"9.90";"112"
"246";"246";;"LIT";"2001";"978-3-8258-5731-8";"10.90";"2008"
"493";"493";;"Junfermann";"2005";"978-3-87387-600-2";"5,90";"48"
"248";"248";;"Junfermann";"2003";"978-3-87387-547-0";"18.00";"144"
"249";"249";;"Suhrkamp";"1981";"978-3-518-37168-8";"9.00";"267"
"250";"250";;"agenda";"1995";"978-3-929440-72-5";"10.00";"142"
"251";"251";"sites/default/files/pictures/978-3-9804408-5-1.jpg";"Versöhnungsbund";"2002";"978-3-9804408-5-1";"17.00";"280"
"252";"252";"sites/default/files/pictures/978-3-499-17479-7.jpg";" Rowohlt Taschenbuch";"1982";"978-3-499-17479-7";"7.50";"174"
"253";"253";;"Unrast";"2003";"978-3-89771-010-2";"14.00";"167"
"254";"254";"sites/default/files/pictures/978-3-8258-5600-7.jpg";"LIT";"2001";"978-3-8258-5600-7";"19.90";"504"
"255";"255";"sites/default/files/pictures/978-3-87387-469-5.jpg";"Junfermann";"2001";"978-3-87387-469-5";"15.50";"176"
"256";"256";;" Alibri";"2003";"978-3-932710-46-9";"12.00";"173"
"453";"453";;"Edition AV";"2005";"978-3-936049-49-7";"9.80";"56"
"258";"258";"sites/default/files/pictures/978-3-89403-098-8.jpg";" iskopress";"2002";"978-3-89403-098-8";"29.90";"325"
"259";"259";"sites/default/files/pictures/978-3-87387-580-7.jpg";"Junfermann";"2006";"978-3-87387-580-7";"19.90";"192"
"260";"260";;"Junfermann";"2003";"978-3-87387-538-8";"19.50";"232"
"261";"261";;"Junfermann";"2005";"978-3-87387-597-5";"39.80";"144"
"262";"262";"sites/default/files/pictures/978-3-87387-574-6.jpg";"Junfermann";"2005";"978-3-87387-574-6";"7.90";"72"
"263";"263";"sites/default/files/pictures/978-3-87387-577-7.jpg";"Junfermann";"2005";"978-3-87387-577-7";"19.50";"224"
"264";"264";"sites/default/files/pictures/978-3-87387-599-9.jpg";"Junfermann";"2004";"978-3-87387-599-9";"9.95";"96"
"265";"265";"sites/default/files/pictures/978-3-87387-454-1.jpg";"Junfermann";;"978-3-87387-454-1";"19.50";"240"
"266";"266";"sites/default/files/pictures/978-3-451-05447-1.jpg";" Herder";"2006";"978-3-451-05447-1";"8.95";"160"
"267";"267";"sites/default/files/pictures/978-3-87387-568-5.jpg";"Junfermann";"2004";"978-3-87387-568-5";"5.90";"40"
"268";"268";"sites/default/files/pictures/978-3-87387-566-1.jpg";"Junfermann";;"978-3-87387-566-1";"16.90";"176"
"269";"269";"sites/default/files/pictures/978-3-87387-575-3.jpg";"Junfermann";"2005";"978-3-87387-575-3";"7.90";"72"
"270";"270";"sites/default/files/pictures/978-3-87387-576-0.jpg";"Junfermann";"2005";"978-3-87387-576-0";"7.50";"64"
"271";"271";;" Vandenhoeck & Ruprecht";"1998";"978-3-525-01365-6";"26.90";"322"
"272";"272";;"Christiana";"1988";"978-3-7171-0777-4";"9.00";"356"
"273";"273";;"Versöhnungsbund";"2005";"978-3-9804408-6-8";"10.00";"173"
"274";"274";;"Connection e.V.";"2004";;"5.00";"64"
"275";"275";"sites/default/files/pictures/978-3-525-35786-6.jpg";" Vandenhoeck & Ruprecht";"1998";"978-3-525-35786-6";"44.90";"419"
"276";"276";;"Mit uns gegen die Wehrpflicht e.V.";;"978-3931977-02-1";"3.00";"50"
"277";"277";"sites/default/files/pictures/978-3-926958-26-6.jpg";"Edition Temmen";"1990";"978-3-926958-26-6";"11.90";"204"
"279";"279";;"Herder";"1997";"978- 3-451-04564-8";"8.60";"151"
"280";"280";;"Hinder + Deelmann";"1977";"978-3-97348-162-6";"18.50";"454"
"281";"281";"sites/default/files/pictures/978-3-518-37453-2.jpg";"Suhrkamp";"1983";"978-3-518-37453-2";"9.00";"298"
"282";"282";"sites/default/files/pictures/978-3-8334-2226-2.jpg";"Books on Demand";"2004";"978-3-8334-2226-3";"28.00";"488"
"283";"283";"sites/default/files/pictures/978-3-932444-01-9.jpg";" Institut für Friedenspädagogik Tübingen";"1999";"978-3-932444-01-2";"14.00";"231"
"284";"284";;"Komitee für Grundrechte und Demokratie";"1996";"978-3-88906-064-1";"10.00";"320"
"287";"287";;"Diogenes";;"978-3-257-06460-5";"12,90";"151"
"288";"288";;"Waldkircher";"1984";"978-3-87885-056-5";"5.00";"275"
"289";"289";;"Gandhi-Informations-Zentrum";"1998";"978-3-930093-11-1";"9.80";"134"
"290";"290";;"OPPO";"1988";"978-926880-01-5";"7.60";"113"
"291";"291";"sites/default/files/pictures/978-3-922833-97-7.jpg";"Institu für Friedenspädagogik";"2003";"978-3-922833-97-0";"14.00";"243"
"292";"292";;"Max Niemeyer";"1993";"978-3-484-35038-5";"44.00";"274"
"293";"293";;"Eugen Diederichs";"1999";"978-3-424-01481-8";"11.00";"325"
"294";"294";"sites/default/files/pictures/978-3-87348-111-1.jpg";"Hinder + Deelmann";"1982";"978-3-87348-111-4";"9.20";"168"
"295";"295";;"Gandhi-Informations-Zentrum";"2000";"978-3-930093-14-6";"7.80";"125"
"296";"296";;"Hinder + Deelmann";"1974";"978-3-87348-089-1";"9.20";"126"
"299";"299";;"Hinder + Deelmann";"1987";"978-3-87348-124-3";"20.00";"395"
"300";"300";;"OPPO";"1991";"978-3-9802739-2-X";"6.50";"47"
"298";"298";;"Werkstatt für Gewaltfreie Aktion, Baden";"1999";"978-3-930010-06-2";"8.00";"142"
"585";"585";"sites/zuendbuch.de/files/pictures/";"Agenda";"2009";"978-3-89688-386-5";"14,80";"57"
"302";"302";;"OPPO";"1991";"978-3-926880-03-1";"3.50";"39"
"303";"303";;"Dialog International";"1996";;"1.60";"25"
"304";"304";;"Edition Rotapfel";"1990";"978-3-85768-067-9";"16,00";"197"
"305";"305";;"LIT";"1996";"978-3-8258-2136-6";"10.90";"125"
"306";"306";;"Hinder + Deelamnn";"1993";"978-3-87348-156-1";"12.30";"215"
"307";"307";;"Weber & Zucht";"2006";;"3.00";"31"
"308";"308";;"Bund für Soziale Verteidigung";"2003";"978-3-00-011703-9";"15.90";"389"
"309";"309";;"Institut für Friedenspädagogik Tübingen";"2002";"978-3-932444-04-3";"1.30";"16"
"310";"310";;" Institut für Friedenspädagogik Tübingen";"2001";"978-3-932444-11-1";"1.30";"16"
"311";"311";;" Institut für Friedenspädagogik Tübingen";"1995";" 978-3-922833-90-1";"1.30";"16"
"312";"312";;"Dialog International";;;"1.60";"18"
"578";"578";"sites/zuendbuch.de/files/pictures/";"Kiepenheuer & Witsch";"2007";"978-3-462-03950-4";"7,95";"217"
"314";"314";;"Junfermann";;"978-3-87387-142-7";"19.90";"328"
"315";"315";"sites/default/files/pictures/978-3-89403-198-5.jpg";"Iskopress";"2005";"978-3-89403-198-5";"21.50";"248"
"316";"316";;"Iskopress";"2004";"978-3-89403-199-2";"21.50";"232"
"317";"317";"sites/default/files/pictures/978-3-86072-220-6.jpg";" Verlag an der Ruhr";"1996";"978-3-86072-220-6";"23.00";"207"
"318";"318";"sites/default/files/pictures/978-3-932444-12-4.jpg";"Institut für Friedenspädagogik Tübingen";"2002";"978-3-932444-12-4";"19.00";"188"
"319";"319";"sites/default/files/pictures/978-3-922833-94-2.jpg";"Institut für Friedenspädagogik Tübingen";"2003";"978-3-922833-94-9";"8.00";"144"
"320";"320";;"Beltz";"2000";"978-3-407-36368-0";"22.90";"132"
"321";"321";"sites/default/files/pictures/978-3-89358-849-7.jpg";"Persen";"2004";"978-3-89358-849-7";"19.50";"132"
"323";"323";"sites/default/files/pictures/978-3-922833-96-9.jpg";" Institut für Friedenspädagogik Tübingen";"1996";"978-3-922833-96-3";"14.00";"272"
"586";"586";"sites/zuendbuch.de/files/pictures/";"Assoziation A";"2005";"978-3-935936-43-9";"20,00";"460"
"325";"325";"sites/default/files/pictures/978-3-589-05036-9.jpg";"Scriptor";"1995";"978-3-589-05036-9";"12.95";"120"
"326";"326";"sites/default/files/pictures/978-3-589-21059-6.jpg";"Scriptor";"1995";"978-3-589-21059-6";"19,50";"168"
"584";"584";"sites/zuendbuch.de/files/pictures/";"Graswurzelrevolution";"2009";"978-3-939045-11-3";"7,80";"87"
"329";"329";;"Suhrkamp";"1989";"978-3-518-11361-5";"11.00";"288"
"330";"330";;" Drachen Verlag";"1992";"978-3-927369-00-9";"12.80";"257"
"331";"331";;" Edition AV";"2003";"978-3-936049-21-3";"17.50";"260"
"521";"521";;"Unrast";;"978-3-89771-455-7";"14,00";"163"
"333";"333";;;;;"1.60";"40"
"334";"334";;"AG SPAK";"2002";"978-3-930830-28-2";"8.00";"120"
"335";"335";"sites/default/files/pictures/978-3-936049-05-3.jpg";"Edition AV";"2002";"978-3-936049-05-3";"9.00";"120"
"336";"336";"sites/default/files/pictures/978-3-930830-22-0.jpg";"AG SPAK";"2001";"978-3-930830-22-0";"7,50";"86"
"338";"338";;"Unrast";"1993";"978-3-928300-14-8";"10.00";"181"
"339";"339";;"Edition Flugschriften";"1988";"978-.3-925866-05-1";"10.00";"232"
"340";"340";;"Packpapier";;;"1.20";"32"
"341";"341";"sites/default/files/pictures/978-3-87294-870-0.jpg";"Peter  Hammer";"2001";"978-3-87294-870-0";"17.90";"252"
"342";"342";"sites/default/files/pictures/978-3-9802739-1-6.jpg";"Klemm u. Oelschläger";"1993";"978-3-9802739-1-6";"12.00";"125"
"343";"343";;" Büchse d. Pandora";"1980";"978-3-88178-003-2";"10.20";"160"
"345";"345";;"Trotzdem";"1988";"978-3-922209-22-5";"10.00";"180"
"346";"346";;"Libertad";"1985";"978-3-922226-10-9";"12.80";"320"
"347";"347";;"Guhl";"1978";"978-3-88220-085-0";"7.50";"115"
"348";"348";;"Libertad";"1987";" 978-3-922226-11-6";"20.00";"305"
"349";"349";;"Syndikat - EVA";"1983";"978-3-434-46020-9";"9.50";"231"
"350";"350";;" Oppo-Verlag";"1995";"978-3-926880-08-6";"7.10";"63"
"351";"351";"sites/default/files/pictures/978-3-87956-120-9.jpg";"Karin Kramer";"2006";"978-3-87956-120-9";"14.80";"192"
"352";"352";"sites/default/files/pictures/978-3-87956-700-3.jpg";"Karin Kramer";"1997";"978-3-87956-700-3";"10.50";"166"
"353";"353";;"Peterson";"1988";"978-3-9802128-1-6";"8.00";"144"
"354";"354";;"Libertad";"1984";;"3.00";"30"
"355";"355";;"Libertad";"1985";;"4.00";"48"
"356";"356";;"Libertad";"1984";;"3.00";"40"
"357";"357";;"Libertad";"1983";;"3.00";"30"
"358";"358";;"Libertad";"1979";;"3.00";"44"
"359";"359";;"Libertad";"1980";;"4.00";"44"
"360";"360";;"Libertad";"1980";;"4.00";"44"
"361";"361";;"Libertad";"1984";;"5.00";"55"
"362";"362";;"Der Syndikalist";"1923";;"3.00";"31"
"365";"365";;;;;"2.00";"32"
"366";"366";;;;;"1.00";"16"
"367";"367";;;;;"2.00";"39"
"368";"368";;"Edition AV";"1996";;"3.80";"52"
"370";"370";"sites/default/files/pictures/978-3-928300-68-1.jpg";"Unrast";"1998";"978-3-89771-917-0";"13.00";"275"
"371";"371";;"Libertad";"1997";" 978-3-922226-23-9";"17.50";"160"
"374";"374";;"Karin Kramer";"1974";"978-3-87956-044-8";"10.50";"237"
"375";"375";;"Karin Kramer";"1984";"978-3-87956-167-2";"13.00";"229"
"376";"376";;"Unrast";"2003";"978-3-89771-905-7";"14.00";"227"
"377";"377";;"Edition AV";"2004";"978-3-936049-36-7";"11.80";"136"
"583";"583";"sites/zuendbuch.de/files/pictures/";"Wilhelm Fink Verlag";"2009";"978-3-7705-4869-9";"12,90";"90"
"381";"381";;" Jenior";"1992";"978-3-928172-11-0";"14.00";"224"
"382";"382";;"Karin Kramer";"1988";"978-3-87956-190-2";"10.50";"112"
"383";"383";"sites/default/files/pictures/978-3-257-20214-4.jpg";" Diogenes";"1975";"978-3-257-20214-4";"10.90";"288"
"384";"384";"sites/default/files/pictures/978-3-936049-11-4.jpg";"Edition AV";"2002";"978-3-936049-11-4";"12.00";"222"
"385";"385";"sites/default/files/pictures/978-3-89771-900-2.jpg";"Unrast";"1999";"978-3-89771-900-2";"11.00";"159"
"386";"386";;"Libertäre Assoziation";"1983";"3-922611-30-3";"9.50";"254"
"387";"387";;;;"978-3-926880-09-3";"8.55";"115"
"388";"388";;"Karin Kramer";"1996";"3-87956-217-2";"17.00";"272"
"389";"389";;"OPPO";"1993";"978-3-926880-07-9";"9.15";"128"
"390";"390";"sites/default/files/pictures/978-3-87956-223-7.jpg";"Karin Kramer";"1995";"978-3-87956-223-7";"12.50";"192"
"391";"391";"sites/default/files/pictures/978-3-922209-43-0.jpg";"Trotzdem";"1993";"978-3-922209-43-0";"12.00";"176"
"392";"392";;"Karin Kramer";"1999";"978-3-87956-319-7";"32.00";"543"
"393";"393";;"Karin Kramer";"1993";"3-87956-180-X";"15.00";"162"
"394";"394";"sites/default/files/pictures/978-3-89771-903-3.jpg";"Unrast";"2000";"978-3-89771-903-3";"13.00";"179"
"395";"395";;"Karin Kramer";"1984";" 978-3-87956-168-1";"4.00";"61"
"396";"396";;"Edition AV";"2002";"978-3-9806407-3-2";"4.10";"84"
"397";"397";;"Karin Kramer";"1979";"978-3-87956-101-8";"10.50";"186"
"398";"398";"1996";"OPPO";;"978-3-926880-10-9";"24.50";"216"
"399";"399";;"Libertad";"1994";" 978-3-922226-20-8";"15.00";"128"
"400";"400";;"Packpapier";;;"3.60";"56"
"401";"401";"sites/default/files/pictures/978-3-87956-260-2.jpg";"Karin Kramer";"2000";"978-3-87956-260-2";"25.00";"256"
"402";"402";"sites/default/files/pictures/ 978-3-926112-73-6.jpg";"Merlin";"1997";"978-3-926112-73-6";"15.20";"446"
"403";"403";;"Agape";"1984";"978-3-88744-003-9";"7.00";"140"
"404";"404";;"Edition AV";"2004";"3-936049-33-5";"11.00";"116"
"405";"405";;"S. Fischer";"1992";"978-3-596-10956-2";"8.95";"192"
"406";"406";;"Edition AV";"2006";"978-3-936049-70-1";"17.00";"214"
"407";"407";;"Edition AV";"2007";"978-3-936049-76-3";"16.00";"156"
"408";"408";;"Grawurzelrevolution";"2006";"978-3-939045-04-5";"24.80";"380"
"409";"409";;"btb";"2004";"978-3-442-73304-0";"8.00";"176"
"410";"410";;"VSA";"2006";" 978-3-89965-167-6";"19.80";"510"
"411";"411";;"Lutherisches Verlagshaus";"2006";"978-3-7859-0964-5";"14.90";"168"
"412";"412";;"Graswurzelrevolution";"2006";"978-3-939045-01-4";"8.80";"95"
"413";"413";;;"2007";"978-3-936049-76-3";"16.00";"156"
"414";"414";;"Junfermann";"2007";"978-3-87387-665-1";"18.00";"176"
"415";"415";;"Assoziation A";"2007";"978-3-935936-56-9";"20.00";"248"
"418";"418";;"Palmyra";"1995";"978-3-930378-03-6";"12.00";"440"
"419";"419";;"LIT";"2001";"978-3-8258-5707-3";"12.90";"168"
"420";"420";;"Trotzdem";"2003";"978-3-931786-31-1";"7.00";"96"
"421";"421";;"Trotzdem";"2002";"978-3-931786-29-8";"12.00";"144"
"422";"422";;"Rotpunkt";"2000";"978-3-85869-194-1";"18.00";"219"
"423";"423";;"Donat";"1994";"978-3-924444-78-5";"15.40";"198"
"424";"424";;"Droemer";"2003";"3-426-27266-0";"19.90";"480"
"425";"425";;"VSA";"2003";"978-3-89965-004-4";"6.50";"98"
"426";"426";;"dtv";"2005";"978-3-423-34179-0";"7.00";"128"
"427";"427";;"Connection";"2004";;"3.00";"31"
"428";"428";;"Donat";"2000";"978-3-931737-90-0";"14.50";"188"
"429";"429";;"Suhrkamp";"1987";"978-3-518-11305-9";"10.00";"437"
"430";"430";;"Promedia";"2003";"978-3-85371-192-7";"15.90";"192"
"431";"431";;"Papyrossa";"2004";"978-3-89438-286-5";"14.80";"228"
"432";"432";;"Totpunkt";;"3-85869-225-5";"19.00";"264"
"433";"433";;"Lamuv";"2001";"978-3-88977-600-6";"8.90";"154"
"434";"434";;"Neuer ISP";"1997";"978-3-929008-63-0";"8.00";"120"
"435";"435";;"Versöhnungsbund";"2001";"3-9804408-3-4";"7.80";"195"
"436";"436";;"Hanser";"2003";"978-3-446-20396-9";"15.90";"152"
"438";"438";;"VSA";"2003";"3-89965-010-7";"16.50";"210"
"442";"442";;"VSA";"2006";"978-3-89965-183-6";"19.80";"338"
"440";"440";;"Assoziation A";"2003";"978-3-935936-17-0";"14.00";"215"
"441";"441";;"EVA";"2002";"978-3-434-50539-6";"13.50";"132"
"443";"443";;"Donat";"1991";"978-3-924444-50-1";"15.40";"269"
"444";"444";;"Kiepenheuer & Witsch";"2005";"978-3-462-03641-1";"8.90";"224"
"445";"445";;"Lamuv";"1998";"978-3-88977-502-3";"9.90";"225"
"446";"446";;"A 1";"1995";"978-3-927743-16-8";"14.40";"152"
"447";"447";;"Harald Kater";"1988";" 978-3-927170-03-2";"4.50";"108"
"448";"448";;"Die Werkstatt";"1996";"978-3-89533-161-9";"20.40";"320"
"449";"449";;"Nautilus";"1997";"978-3-89401-271-7";"7.50";"365"
"450";"450";;"DFG-VK";"1998";;"3.60";"93"
"451";"451";;"Papyrossa";"1999";"978-3-89438-192-9";"12.60";"226"
"454";"454";;"Verlag Edition AV";"2006";"978-3-936049-65-7";"17,00";"246"
"455";"455";;"Verlag Edition AV";"2006";"978-3-936049-64-0";"22,00";"311"
"456";"456";;"Oppo";"2007";"978-3-926880-16-1";"16,00";"157"
"458";"458";;"Trotzdem";"1992";"978-3-922209-42-3";"14,00";"181"
"459";"459";;"Trotzdem";"1989";"978-3-922209-08-9";"14,00";"220"
"460";"460";;"Oppo";"1998";"978-3-926880-11-6";"12,65";"159"
"596";"596";;"Rotpunkt";"1998";"978-3-85869-145-3";"15,00";"248"
"597";"597";"sites/default/files/pictures/";"PapyRossa";"2009";"978-3-89438-396-1";"14,90";"206"
"462";"462";;"Unrast";"2003";"978-3-89771-906-4";"13,00";"120"
"463";"463";;"Oppo";"1991";"978-3-926880-04-8";"5,00";"63"
"487";"487";;"Schmetterling";"2006";"978-3-89657-585-2";"10,00";"216"
"464";"464";;"Guhl";"1978";"978-3-88220-080-5";"5,50";"128"
"465";"465";;"Harald-Kater-Verlag";"1994";"978-3-927170-07-0";"6,60";"86"
"466";"466";;"Büchse der Pandora";"1985";"978-3-88178-066-7";"18,41";"208"
"467";"467";;"Libertad";;"978-3-922226-12-3";"15,00";"160"
"468";"468";;"Edition Nautilus";"1993";"978-3-89401-411-7";"25,00";"736"
"469";"469";;"Eidition AV";"2000";"978-3-9806407-4-9";"12,80";"260"
"470";"470";;"Karin Kramer";"1994";;"13,50";"85"
"471";"471";;"Trotzdem";"1991";"978-3-922209-36-2";"13,00";"220"
"472";"472";;"Libertad";"1994";"978-3-922226-22-2";"30,00";"494"
"582";"582";"sites/zuendbuch.de/files/pictures/";"Ulrike Helmer Verlag";"2004";"978-3-89741-156-2";"17,95";"176"
"474";"474";;"Karin Kramer";"1978";"978-3-87956-073-8";"13,00";"336"
"475";"475";;"Oppo";"1991";"978-3-926880-02-4";"8,55";"93"
"476";"476";;"Trotzdem";"1985";;"9,00";"308"
"477";"477";;"Guhl";"1976";"978-3-88220-000-3";"20,50";"626"
"478";"478";;"Edition AV";"2001";"978-3-9806407-8-7";"14,90";"223"
"479";"479";;"Oppo";"1993";"978-3-926880-06-2";"10,20";"128"
"480";"480";;"Edition AV";"2005";"978-3-936049-37-4";"11,80";"160"
"481";"481";;"Trotzdem";"1998";"978-3-931786-07-6";"14,00";"168"
"482";"482";;"Peter Hammer";"1998";"978-3-87294-781-9";"15,50";"266"
"483";"483";;"C.H. Beck";"2007";"978-3-406-54807-9";"12,95";"343"
"484";"484";;"Alibri";"2007";"978-3-86569-901-5";"12,00";"121"
"485";"485";;"Gandhi-Informations-Zentrum";"2006";"978-3-930093-18-2";"9,80";"241"
"486";"486";;"Nautilus";"2006";"978-3-89401-490-2";"12,90";"160"
"489";"489";;"Hinder + Deelmann";"2008";"978-3-87348-177-0";"18,50";"285"
"492";"492";"sites/default/files/pictures/978-3-10-062942-5.jpg";"S. Fischer";"2007";"978-3-10-062942-5";"19,90";"336"
"496";"496";;"Karin Kramer";"1981";"978-3-87956-134-6";"10,50";"175"
"497";"497";;"Trotzdem";"1992";"978-3-922209-35-5";"14,00";"251"
"498";"498";;"Edition AV";"2002";"978-3-936049-08-4";"16,00";"305"
"499";"499";;"Trotzdem";"1995";"3-922209-81-5";"14,00";"263"
"571";"571";;"War Resisters' International";"2009";"978-0-903517-21-8";"12,00";"151"
"502";"502";;"Trotzdem";"1996";"978-3-922209-88-1";"22,00";"239"
"503";"503";;"Klemm & Oelschläger";"1998";"3-932577-05-1";"13,00";"640"
"504";"504";;"Karin Kramer";"1992";"978-3-87956-182-7";"13,50";"195"
"505";"505";;"Karin Kramer";"2006";"978-3-87956-307-4";"19,80";"280"
"506";"506";;"Karin Kramer";"1985";"978-3-87956-175-9";"10,50";"144"
"507";"507";;"Edition AV";"2003";"978-3-936049-12-1";"17,00";"302"
"508";"508";;"Karin Kramer";"1990";"978-3-87956-195-7";"12,00";"192"
"509";"509";;"Klaus Guhl";"1986";"978-3-88220-392-9";"10,00";"166"
"510";"510";;"Karin Kramer";"2004";"978-3-87956-290-9";"18,00";"198"
"511";"511";;"OPPO";"2002";"978-3-926880-12-3";"10,30";"129"
"512";"512";;"trafik";"1990";"3-9802128-7-4";"5,00";"66"
"513";"513";;"Edition AV";"2007";"978-3-936049-72-5";"16,00";"187"
"514";"514";;"Winddruck";"1983";"3-922256-01-5";"2,00";"43 "
"515";"515";;"Karin Kramer";"1989";"3-87956-202-4";"11,50";"176"
"516";"516";;"Trotzdem";"1999";"978-3-931786-16-8";"10,00";"138"
"517";"517";;"Büchse der Pandora";"1979";"978-3-88178-031-5";"7,70";"87"
"518";"518";;"Trotzdem";"2006";"978-3-931786-33-5";"18,00";"295"
"519";"519";;"Promedia";"2001";"978-3-85371-168-2";"11,90";"144"
"520";"520";;"IDK, AI Berlin";"2008";;"1,00";"24"
"523";"523";;"Hoffmann und Campe";"2007";"978-3-455-50033-2";"19,95";"304"
"524";"524";;"Droemer Knaur";"2007";"978-3-426-78116-6";"8,95";"287"
"525";"525";;"Karin Kramer";"1979";"978-3-87956-090-5";"5,50";"96"
"526";"526";;"Trotzdem";"1998";"3-00-002097-7";"7,70";"93"
"527";"527";;"Europa";"2001";"3-203-76010-X";"12,90";"158"
"528";"528";;"zu Klampen";"2001";"978-3-934920-10-1";"24,00";"438"
"529";"529";;"Unrast";"2005";"978-3-89771-427-4";"18,00";"302"
"530";"530";;"Konkret Literatur";"2002";"3-89458-211-1";"22,50";"335"
"531";"531";;"Publik-Forum";"2002";"978-3-88095-117-4";"14,90";"292"
"532";"532";;"Konkret Literatur";"1995";" 	978-3-89458-136-7";"17,00";"256"
"533";"533";;"Karin Kramer";"1989";"3-87956-165-6";"20,00";"303"
"534";"534";;"Trotzdem";"1986";"978-3-922209-72-0";"19,00";"379"
"535";"535";;"Goldman";"2007";"978-3-442-15312-1";"10,00";"544"
"536";"536";;"Die Werkstatt";"1998";"978-3-89533-162-6";"16,00";"304"
"537";"537";;"Trotzdem";"2001";"978-3-931786-03-8";"8,00";"75"
"579";"579";"sites/zuendbuch.de/files/pictures/";"Diogenes";"2008";"978-3-257-23670-5";"10,90";"288"
"569";"569";"sites/zuendbuch.de/files/pictures/";"Gewaltfrei Leben Lernen e.V.";"2008";"978-3-930010-09-7";"16,00";"418"
"540";"540";;"R. Rothe";"1988";"978-3-927575-00-4";"14,80";"158"
"541";"541";;"Klemm & Oelschläger";"1993";"3-9802739-0-3";"10,00";"127"
"542";"542";;"Droemer Knaur";"2005";"978-3-426-77840-1";"8,95";"415"
"543";"543";;"Edition AV";"2006";"978-3-936049-64-0";"22,00";"316"
"544";"544";;"Kunstmann";"2004";"978-3-88897-354-3";"24,90";"448"
"545";"545";;"Karin Kramer";"1993";"978-3-87956-113-1";"9,50";"124"
"546";"546";;"Rotpunktverlag";"2004";"978-3-85869-285-6";"11,50";"136"
"547";"547";;"AG SPAK";"1999";" 978-3-930830-09-1";"6,50";"74"
"549";"549";;"Libertad";"2001";"978-3-922226-12-3";"15,00";"160"
"550";"550";;"Edition AV";"2003";"978-3-936049-16-9";"11,00";"116"
"551";"551";;"Klemm & Oelschläger";"2002";"978-3-932577-29-1";"6,00";"111"
"552";"552";;"VSA";"2004";"978-3-89965-109-6";"14,80";"216"
"553";"553";;"Edition Nautilus";"2001";"978-3-89401-368-4";"5,00";"224"
"554";"554";;"Libertad";"1994";"978-3-922226-21-5";"25,00";"317"
"555";"555";;"Westfälisches Dampfboot";"2008";"978-3-89691-630-3";"24,90";"239"
"556";"556";;"Schmetterling";"1997";"3-89657-572-4";"7,80";"148"
"570";"570";;"War Resisters' International";"2005";"978-0-903517-20-1";"36,00";"555"
"558";"558";;"Verein zur Förderung der sozialpolitischen Arbeit";"1986";"978-3-923126-37-8";"12,50";"292"
"559";"559";;"Verein zur Förderung der sozialpolitischen Arbeit";"1986";"978-3-923126-38-5";"12,50";"267"
"560";"560";;"Verein zur Förderunge der sozialpolitischen Arbeit";"1999";"978-3-930830-12-1";"6,50";"80"
"563";"563";;"Trotzdem";"1981";"3-922209-13-1";"7,00";"189"
"564";"564";;"Libertad";"1990";"978-3-922226-14-7";"20,00";"270"
"565";"565";;"Verein zur Förderunge der sozialpolitischen Arbeit ";"1998";"978-3-930830-07-7";"25,00";"306"
"566";"566";;"Edition Nautilus";"1998";"978-3-89401-288-5";"15,80";"190"
"567";"567";;"Ullstein ";"2006";"978-3-548-36847-4";"9,95";"411"
"573";"573";;"Lenos";"2008";"978-3-85787-716-2";"12,00";"312"
"574";"574";;"Graswurzelrevolution";"2008";"978-3-939045-8-3";"19,80";"277"
"575";"575";;;;;;
"576";"576";;"Weber & Zucht";;;"2,00";"32"
"580";"580";"sites/zuendbuch.de/files/pictures/";"Junfermann";"2008";"978-3-87387-696-5";"9,95";"94"
"581";"581";"sites/zuendbuch.de/files/pictures/";"Junfermann";"2004";"978-3-87387-548-7";"19,90";"259"
"588";"588";"sites/zuendbuch.de/files/pictures/";"Graswurzelrevolution";"2009";"978-3939045-12-0";"12,00";"119"
"589";"589";"sites/zuendbuch.de/files/pictures/";"Graswurzelrevolution";"2009";"978-3939045-10-6";"14,90";"191"
"590";"590";;"Komitee für Grundrechte und Demokratie";"1992";"978-3-88906-048-8";"12,50";"348"
"592";"592";"sites/zuendbuch.de/files/pictures/";"C.H. Beck";"2008";"978-3-406-56817-6";"8,95";"119"
"593";"593";"sites/zuendbuch.de/files/pictures/";"Institut für Friedenspädagogik Tübingen";"2007";" 	978-3-932444-15-9";"20,00";"371"
"594";"594";"sites/zuendbuch.de/files/pictures/";"VSA";"2006";"978-3-89965-142-3";"18,80";"3009"
